<?xml version="1.0" encoding="UTF-8"?>
<beans xmlns="http://www.springframework.org/schema/beans"
	xmlns:flex="http://www.springframework.org/schema/flex"
    xmlns:security="http://www.springframework.org/schema/security"
    xmlns:xsi="http://www.w3.org/2001/XMLSchema-instance"
	xmlns:context="http://www.springframework.org/schema/context"
	xsi:schemaLocation="
        http://www.springframework.org/schema/beans
        http://www.springframework.org/schema/beans/spring-beans-3.0.xsd
        http://www.springframework.org/schema/security
        http://www.springframework.org/schema/security/spring-security-2.0.4.xsd
        http://www.springframework.org/schema/flex
		http://www.springframework.org/schema/flex/spring-flex-1.0.xsd
		http://www.springframework.org/schema/context
		http://www.springframework.org/schema/context/spring-context-3.0.xsd">

    <security:http entry-point-ref="preAuthenticatedEntryPoint"/>

    <bean id="preAuthenticatedEntryPoint"
          class="org.springframework.security.ui.preauth.PreAuthenticatedProcessingFilterEntryPoint"/>

    <!--This authentication provider is the one defined by Spring Acegi plugin-->
    <security:authentication-provider user-service-ref="userDetailsService">
        <security:password-encoder ref="passwordEncoder"/>
    </security:authentication-provider>

    <flex:message-broker>
        <flex:secured/>
    </flex:message-broker>

    <context:annotation-config />

    <!--TODO Uncomment the following element and adapt root package to scan for services to be remoted-->
	<!--<context:component-scan base-package="my.root.package" />-->

</beans>